DRG	MDC	MS	Description
1	 	P	HEART TRANSPLANT OR IMPLANT OF HEART ASSIST SYSTEM WITH MCC
2	 	P	HEART TRANSPLANT OR IMPLANT OF HEART ASSIST SYSTEM WITHOUT MCC
3	 	P	ECMO OR TRACHEOSTOMY WITH MV >96 HOURS OR PDX EXCEPT FACE MOUTH AND NECK WITH MAJOR O.R. PROCEDURE
4	 	P	TRACHEOSTOMY WITH MV >96 HOURS OR PDX EXCEPT FACE MOUTH AND NECK WITHOUT MAJOR O.R. PROCEDURE
5	 	P	LIVER TRANSPLANT WITH MCC OR INTESTINAL TRANSPLANT
6	 	P	LIVER TRANSPLANT WITHOUT MCC
7	 	P	LUNG TRANSPLANT
8	 	P	SIMULTANEOUS PANCREAS AND KIDNEY TRANSPLANT
10	 	P	PANCREAS TRANSPLANT
11	 	P	TRACHEOSTOMY FOR FACE MOUTH AND NECK DIAGNOSES WITH MCC
12	 	P	TRACHEOSTOMY FOR FACE MOUTH AND NECK DIAGNOSES WITH CC
13	 	P	TRACHEOSTOMY FOR FACE MOUTH AND NECK DIAGNOSES WITHOUT CC/MCC
14	 	P	ALLOGENEIC BONE MARROW TRANSPLANT
16	 	P	AUTOLOGOUS BONE MARROW TRANSPLANT WITH CC/MCC
17	 	P	AUTOLOGOUS BONE MARROW TRANSPLANT WITHOUT CC/MCC
20	MDC 01	P	INTRACRANIAL VASCULAR PROCEDURES WITH PDX HEMORRHAGE WITH MCC
21	MDC 01	P	INTRACRANIAL VASCULAR PROCEDURES WITH PDX HEMORRHAGE WITH CC
22	MDC 01	P	INTRACRANIAL VASCULAR PROCEDURES WITH PDX HEMORRHAGE WITHOUT CC/MCC
23	MDC 01	P	CRANIOTOMY WITH MAJOR DEVICE IMPLANT OR ACUTE COMPLEX CNS PDX WITH MCC OR CHEMOTHERAPY IMPLANT
24	MDC 01	P	CRANIOTOMY WITH MAJOR DEVICE IMPLANT OR ACUTE COMPLEX CNS PDX WITHOUT MCC
25	MDC 01	P	CRANIOTOMY AND ENDOVASCULAR INTRACRANIAL PROCEDURES WITH MCC
26	MDC 01	P	CRANIOTOMY AND ENDOVASCULAR INTRACRANIAL PROCEDURES WITH CC
27	MDC 01	P	CRANIOTOMY AND ENDOVASCULAR INTRACRANIAL PROCEDURES WITHOUT CC/MCC
28	MDC 01	P	SPINAL PROCEDURES WITH MCC
29	MDC 01	P	SPINAL PROCEDURES WITH CC OR SPINAL NEUROSTIMULATORS
30	MDC 01	P	SPINAL PROCEDURES WITHOUT CC/MCC
31	MDC 01	P	VENTRICULAR SHUNT PROCEDURES WITH MCC
32	MDC 01	P	VENTRICULAR SHUNT PROCEDURES WITH CC
33	MDC 01	P	VENTRICULAR SHUNT PROCEDURES WITHOUT CC/MCC
34	MDC 01	P	CAROTID ARTERY STENT PROCEDURE WITH MCC
35	MDC 01	P	CAROTID ARTERY STENT PROCEDURE WITH CC
36	MDC 01	P	CAROTID ARTERY STENT PROCEDURE WITHOUT CC/MCC
37	MDC 01	P	EXTRACRANIAL PROCEDURES WITH MCC
38	MDC 01	P	EXTRACRANIAL PROCEDURES WITH CC
39	MDC 01	P	EXTRACRANIAL PROCEDURES WITHOUT CC/MCC
40	MDC 01	P	PERIPHERAL CRANIAL NERVE AND OTHER NERVOUS SYSTEM PROCEDURES WITH MCC
41	MDC 01	P	PERIPHERAL CRANIAL NERVE AND OTHER NERVOUS SYSTEM PROCEDURES WITH CC OR PERIPHERAL NEUROSTIMULATOR
42	MDC 01	P	PERIPHERAL CRANIAL NERVE AND OTHER NERVOUS SYSTEM PROCEDURES WITHOUT CC/MCC
52	MDC 01	M	SPINAL DISORDERS AND INJURIES WITH CC/MCC
53	MDC 01	M	SPINAL DISORDERS AND INJURIES WITHOUT CC/MCC
54	MDC 01	M	NERVOUS SYSTEM NEOPLASMS WITH MCC
55	MDC 01	M	NERVOUS SYSTEM NEOPLASMS WITHOUT MCC
56	MDC 01	M	DEGENERATIVE NERVOUS SYSTEM DISORDERS WITH MCC
57	MDC 01	M	DEGENERATIVE NERVOUS SYSTEM DISORDERS WITHOUT MCC
58	MDC 01	M	MULTIPLE SCLEROSIS AND CEREBELLAR ATAXIA WITH MCC
59	MDC 01	M	MULTIPLE SCLEROSIS AND CEREBELLAR ATAXIA WITH CC
60	MDC 01	M	MULTIPLE SCLEROSIS AND CEREBELLAR ATAXIA WITHOUT CC/MCC
61	MDC 01	M	ACUTE ISCHEMIC STROKE WITH USE OF THROMBOLYTIC AGENT WITH MCC
62	MDC 01	M	ACUTE ISCHEMIC STROKE WITH USE OF THROMBOLYTIC AGENT WITH CC
63	MDC 01	M	ACUTE ISCHEMIC STROKE WITH USE OF THROMBOLYTIC AGENT WITHOUT CC/MCC
64	MDC 01	M	INTRACRANIAL HEMORRHAGE OR CEREBRAL INFARCTION WITH MCC
65	MDC 01	M	INTRACRANIAL HEMORRHAGE OR CEREBRAL INFARCTION WITH CC OR TPA IN 24 HOURS
66	MDC 01	M	INTRACRANIAL HEMORRHAGE OR CEREBRAL INFARCTION WITHOUT CC/MCC
67	MDC 01	M	NONSPECIFIC CVA AND PRECEREBRAL OCCLUSION WITHOUT INFARCTION WITH MCC
68	MDC 01	M	NONSPECIFIC CVA AND PRECEREBRAL OCCLUSION WITHOUT INFARCTION WITHOUT MCC
69	MDC 01	M	TRANSIENT ISCHEMIA
70	MDC 01	M	NONSPECIFIC CEREBROVASCULAR DISORDERS WITH MCC
71	MDC 01	M	NONSPECIFIC CEREBROVASCULAR DISORDERS WITH CC
72	MDC 01	M	NONSPECIFIC CEREBROVASCULAR DISORDERS WITHOUT CC/MCC
73	MDC 01	M	CRANIAL AND PERIPHERAL NERVE DISORDERS WITH MCC
74	MDC 01	M	CRANIAL AND PERIPHERAL NERVE DISORDERS WITHOUT MCC
75	MDC 01	M	VIRAL MENINGITIS WITH CC/MCC
76	MDC 01	M	VIRAL MENINGITIS WITHOUT CC/MCC
77	MDC 01	M	HYPERTENSIVE ENCEPHALOPATHY WITH MCC
78	MDC 01	M	HYPERTENSIVE ENCEPHALOPATHY WITH CC
79	MDC 01	M	HYPERTENSIVE ENCEPHALOPATHY WITHOUT CC/MCC
80	MDC 01	M	NONTRAUMATIC STUPOR AND COMA WITH MCC
81	MDC 01	M	NONTRAUMATIC STUPOR AND COMA WITHOUT MCC
82	MDC 01	M	TRAUMATIC STUPOR AND COMA COMA >1 HOUR WITH MCC
83	MDC 01	M	TRAUMATIC STUPOR AND COMA COMA >1 HOUR WITH CC
84	MDC 01	M	TRAUMATIC STUPOR AND COMA COMA >1 HOUR WITHOUT CC/MCC
85	MDC 01	M	TRAUMATIC STUPOR AND COMA COMA <1 HOUR WITH MCC
86	MDC 01	M	TRAUMATIC STUPOR AND COMA COMA <1 HOUR WITH CC
87	MDC 01	M	TRAUMATIC STUPOR AND COMA COMA <1 HOUR WITHOUT CC/MCC
88	MDC 01	M	CONCUSSION WITH MCC
89	MDC 01	M	CONCUSSION WITH CC
90	MDC 01	M	CONCUSSION WITHOUT CC/MCC
91	MDC 01	M	OTHER DISORDERS OF NERVOUS SYSTEM WITH MCC
92	MDC 01	M	OTHER DISORDERS OF NERVOUS SYSTEM WITH CC
93	MDC 01	M	OTHER DISORDERS OF NERVOUS SYSTEM WITHOUT CC/MCC
94	MDC 01	M	BACTERIAL AND TUBERCULOUS INFECTIONS OF NERVOUS SYSTEM WITH MCC
95	MDC 01	M	BACTERIAL AND TUBERCULOUS INFECTIONS OF NERVOUS SYSTEM WITH CC
96	MDC 01	M	BACTERIAL AND TUBERCULOUS INFECTIONS OF NERVOUS SYSTEM WITHOUT CC/MCC
97	MDC 01	M	NON-BACTERIAL INFECTION OF NERVOUS SYSTEM EXCEPT VIRAL MENINGITIS WITH MCC
98	MDC 01	M	NON-BACTERIAL INFECTION OF NERVOUS SYSTEM EXCEPT VIRAL MENINGITIS WITH CC
99	MDC 01	M	NON-BACTERIAL INFECTION OF NERVOUS SYSTEM EXCEPT VIRAL MENINGITIS WITHOUT CC/MCC
100	MDC 01	M	SEIZURES WITH MCC
101	MDC 01	M	SEIZURES WITHOUT MCC
102	MDC 01	M	HEADACHES WITH MCC
103	MDC 01	M	HEADACHES WITHOUT MCC
113	MDC 02	P	ORBITAL PROCEDURES WITH CC/MCC
114	MDC 02	P	ORBITAL PROCEDURES WITHOUT CC/MCC
115	MDC 02	P	EXTRAOCULAR PROCEDURES EXCEPT ORBIT
116	MDC 02	P	INTRAOCULAR PROCEDURES WITH CC/MCC
117	MDC 02	P	INTRAOCULAR PROCEDURES WITHOUT CC/MCC
121	MDC 02	M	ACUTE MAJOR EYE INFECTIONS WITH CC/MCC
122	MDC 02	M	ACUTE MAJOR EYE INFECTIONS WITHOUT CC/MCC
123	MDC 02	M	NEUROLOGICAL EYE DISORDERS
124	MDC 02	M	OTHER DISORDERS OF THE EYE WITH MCC
125	MDC 02	M	OTHER DISORDERS OF THE EYE WITHOUT MCC
129	MDC 03	P	MAJOR HEAD AND NECK PROCEDURES WITH CC/MCC OR MAJOR DEVICE
130	MDC 03	P	MAJOR HEAD AND NECK PROCEDURES WITHOUT CC/MCC
131	MDC 03	P	CRANIAL AND FACIAL PROCEDURES WITH CC/MCC
132	MDC 03	P	CRANIAL AND FACIAL PROCEDURES WITHOUT CC/MCC
133	MDC 03	P	OTHER EAR NOSE MOUTH AND THROAT O.R. PROCEDURES WITH CC/MCC
134	MDC 03	P	OTHER EAR NOSE MOUTH AND THROAT O.R. PROCEDURES WITHOUT CC/MCC
135	MDC 03	P	SINUS AND MASTOID PROCEDURES WITH CC/MCC
136	MDC 03	P	SINUS AND MASTOID PROCEDURES WITHOUT CC/MCC
137	MDC 03	P	MOUTH PROCEDURES WITH CC/MCC
138	MDC 03	P	MOUTH PROCEDURES WITHOUT CC/MCC
139	MDC 03	P	SALIVARY GLAND PROCEDURES
146	MDC 03	M	EAR NOSE MOUTH AND THROAT MALIGNANCY WITH MCC
147	MDC 03	M	EAR NOSE MOUTH AND THROAT MALIGNANCY WITH CC
148	MDC 03	M	EAR NOSE MOUTH AND THROAT MALIGNANCY WITHOUT CC/MCC
149	MDC 03	M	DYSEQUILIBRIUM
150	MDC 03	M	EPISTAXIS WITH MCC
151	MDC 03	M	EPISTAXIS WITHOUT MCC
152	MDC 03	M	OTITIS MEDIA AND URI WITH MCC
153	MDC 03	M	OTITIS MEDIA AND URI WITHOUT MCC
154	MDC 03	M	OTHER EAR NOSE MOUTH AND THROAT DIAGNOSES WITH MCC
155	MDC 03	M	OTHER EAR NOSE MOUTH AND THROAT DIAGNOSES WITH CC
156	MDC 03	M	OTHER EAR NOSE MOUTH AND THROAT DIAGNOSES WITHOUT CC/MCC
157	MDC 03	M	DENTAL AND ORAL DISEASES WITH MCC
158	MDC 03	M	DENTAL AND ORAL DISEASES WITH CC
159	MDC 03	M	DENTAL AND ORAL DISEASES WITHOUT CC/MCC
163	MDC 04	P	MAJOR CHEST PROCEDURES WITH MCC
164	MDC 04	P	MAJOR CHEST PROCEDURES WITH CC
165	MDC 04	P	MAJOR CHEST PROCEDURES WITHOUT CC/MCC
166	MDC 04	P	OTHER RESPIRATORY SYSTEM O.R. PROCEDURES WITH MCC
167	MDC 04	P	OTHER RESPIRATORY SYSTEM O.R. PROCEDURES WITH CC
168	MDC 04	P	OTHER RESPIRATORY SYSTEM O.R. PROCEDURES WITHOUT CC/MCC
175	MDC 04	M	PULMONARY EMBOLISM WITH MCC
176	MDC 04	M	PULMONARY EMBOLISM WITHOUT MCC
177	MDC 04	M	RESPIRATORY INFECTIONS AND INFLAMMATIONS WITH MCC
178	MDC 04	M	RESPIRATORY INFECTIONS AND INFLAMMATIONS WITH CC
179	MDC 04	M	RESPIRATORY INFECTIONS AND INFLAMMATIONS WITHOUT CC/MCC
180	MDC 04	M	RESPIRATORY NEOPLASMS WITH MCC
181	MDC 04	M	RESPIRATORY NEOPLASMS WITH CC
182	MDC 04	M	RESPIRATORY NEOPLASMS WITHOUT CC/MCC
183	MDC 04	M	MAJOR CHEST TRAUMA WITH MCC
184	MDC 04	M	MAJOR CHEST TRAUMA WITH CC
185	MDC 04	M	MAJOR CHEST TRAUMA WITHOUT CC/MCC
186	MDC 04	M	PLEURAL EFFUSION WITH MCC
187	MDC 04	M	PLEURAL EFFUSION WITH CC
188	MDC 04	M	PLEURAL EFFUSION WITHOUT CC/MCC
189	MDC 04	M	PULMONARY EDEMA AND RESPIRATORY FAILURE
190	MDC 04	M	CHRONIC OBSTRUCTIVE PULMONARY DISEASE WITH MCC
191	MDC 04	M	CHRONIC OBSTRUCTIVE PULMONARY DISEASE WITH CC
192	MDC 04	M	CHRONIC OBSTRUCTIVE PULMONARY DISEASE WITHOUT CC/MCC
193	MDC 04	M	SIMPLE PNEUMONIA AND PLEURISY WITH MCC
194	MDC 04	M	SIMPLE PNEUMONIA AND PLEURISY WITH CC
195	MDC 04	M	SIMPLE PNEUMONIA AND PLEURISY WITHOUT CC/MCC
196	MDC 04	M	INTERSTITIAL LUNG DISEASE WITH MCC
197	MDC 04	M	INTERSTITIAL LUNG DISEASE WITH CC
198	MDC 04	M	INTERSTITIAL LUNG DISEASE WITHOUT CC/MCC
199	MDC 04	M	PNEUMOTHORAX WITH MCC
200	MDC 04	M	PNEUMOTHORAX WITH CC
201	MDC 04	M	PNEUMOTHORAX WITHOUT CC/MCC
202	MDC 04	M	BRONCHITIS AND ASTHMA WITH CC/MCC
203	MDC 04	M	BRONCHITIS AND ASTHMA WITHOUT CC/MCC
204	MDC 04	M	RESPIRATORY SIGNS AND SYMPTOMS
205	MDC 04	M	OTHER RESPIRATORY SYSTEM DIAGNOSES WITH MCC
206	MDC 04	M	OTHER RESPIRATORY SYSTEM DIAGNOSES WITHOUT MCC
207	MDC 04	M	RESPIRATORY SYSTEM DIAGNOSIS WITH VENTILATOR SUPPORT >96 HOURS
208	MDC 04	M	RESPIRATORY SYSTEM DIAGNOSIS W VENTILATOR SUPPORT <=96 HOURS
215	MDC 05	P	OTHER HEART ASSIST SYSTEM IMPLANT
216	MDC 05	P	CARDIAC VALVE AND OTHER MAJOR CARDIOTHORACIC PROCEDURES WITH CARDIAC CATHETERIZATION WITH MCC
217	MDC 05	P	CARDIAC VALVE AND OTHER MAJOR CARDIOTHORACIC PROCEDURES WITH CARDIAC CATHETERIZATION WITH CC
218	MDC 05	P	CARDIAC VALVE AND OTHER MAJOR CARDIOTHORACIC PROEDURESC WITH CARDIAC CATHETERIZATION WITHOUT CC/MCC
219	MDC 05	P	CARDIAC VALVE AND OTHER MAJOR CARDIOTHORACIC PROCEDURES WITHOUT CARDIAC CATHETERIZATION WITH MCC
220	MDC 05	P	CARDIAC VALVE AND OTHER MAJOR CARDIOTHORACIC PROCEDURES WITHOUT CARDIAC CATHETERIZATION WITH CC
221	MDC 05	P	CARDIAC VALVE AND OTHER MAJOR CARDIOTHORACIC PROCEDURES WITHOUT CARDIAC CATHETERIZATION WITHOUT CC/MCC
222	MDC 05	P	CARDIAC DEFIBRILLATOR IMPLANT WITH CARDIAC CATHETERIZATION WITH AMI/HF/SHOCK WITH MCC
223	MDC 05	P	CARDIAC DEFIBRILLATOR IMPLANT WITH CARDIAC CATHETERIZATION WITH AMI/HF/SHOCK WITHOUT MCC
224	MDC 05	P	CARDIAC DEFIBRILLATOR IMPLANT WITH CARDIAC CATHETERIZATION WITHOUT AMI/HF/SHOCK WITH MCC
225	MDC 05	P	CARDIAC DEFIBRILLATOR IMPLANT WITH CARDIAC CATHETERIZATION WITHOUT AMI/HF/SHOCK WITHOUT MCC
226	MDC 05	P	CARDIAC DEFIBRILLATOR IMPLANT WITHOUT CARDIAC CATHETERATION WITH MCC
227	MDC 05	P	CARDIAC DEFIBRILLATOR IMPLANT WITHOUT CARDIAC CATHETERIZATION WITHOUT MCC
228	MDC 05	P	OTHER CARDIOTHORACIC PROCEDURES WITH MCC
229	MDC 05	P	OTHER CARDIOTHORACIC PROCEDURES WITHOUT MCC
231	MDC 05	P	CORONARY BYPASS WITH PTCA WITH MCC
232	MDC 05	P	CORONARY BYPASS WITH PTCA WITHOUT MCC
233	MDC 05	P	CORONARY BYPASS WITH CARDIAC CATHETERIZATION WITH MCC
234	MDC 05	P	CORONARY BYPASS WITH CARDIAC CATHETERIZATION WITHOUT MCC
235	MDC 05	P	CORONARY BYPASS WITHOUT CARDIAC CATHETERIZATION WITH MCC
236	MDC 05	P	CORONARY BYPASS WITHOUT CARDIAC CATHETERIZATION WITHOUT MCC
239	MDC 05	P	AMPUTATION FOR CIRCULATORY SYSTEM DISORDERS EXCEPT UPPER LIMB AND TOE WITH MCC
240	MDC 05	P	AMPUTATION FOR CIRCULATORY SYSTEM DISORDERS EXCEPT UPPER LIMB AND TOE WITH CC
241	MDC 05	P	AMPUTATION FOR CIRCULATORY SYSTEM DISORDERS EXCEPT UPPER LIMB AND TOE WITHOUT CC/MCC
242	MDC 05	P	PERMANENT CARDIAC PACEMAKER IMPLANT WITH MCC
243	MDC 05	P	PERMANENT CARDIAC PACEMAKER IMPLANT WITH CC
244	MDC 05	P	PERMANENT CARDIAC PACEMAKER IMPLANT WITHOUT CC/MCC
245	MDC 05	P	AICD GENERATOR PROCEDURES
246	MDC 05	P	PERCUTANEOUS CARDIOVASCULAR PROCEDURES WITH DRUG-ELUTING STENT WITH MCC OR 4+ VESSELS OR STENTS
247	MDC 05	P	PERCUTANEOUS CARDIOVASCULAR PROCEDURES WITH DRUG-ELUTING STENT WITHOUT MCC
248	MDC 05	P	PERCUTANEOUS CARDIOVASCULAR PROCEDURES WITH NON-DRUG-ELUTING STENT WITH MCC OR 4+ VESSELS OR STENTS
249	MDC 05	P	PERCUTANEOUS CARDIOVASCULAR PROCEDURES WITH NON-DRUG-ELUTING STENT WITHOUT MCC
250	MDC 05	P	PERCUTANEOUS CARDIOVASCULAR PROCEDURES WITHOUT CORONARY ARTERY STENT WITH MCC
251	MDC 05	P	PERCUTANEOUS CARDIOVASCULAR PROCEDURES WITHOUT CORONARY ARTERY STENT WITHOUT MCC
252	MDC 05	P	OTHER VASCULAR PROCEDURES WITH MCC
253	MDC 05	P	OTHER VASCULAR PROCEDURES WITH CC
254	MDC 05	P	OTHER VASCULAR PROCEDURES WITHOUT CC/MCC
255	MDC 05	P	UPPER LIMB AND TOE AMPUTATION FOR CIRCULATORY SYSTEM DISORDERS WITH MCC
256	MDC 05	P	UPPER LIMB AND TOE AMPUTATION FOR CIRCULATORY SYSTEM DISORDERS WITH CC
257	MDC 05	P	UPPER LIMB AND TOE AMPUTATION FOR CIRCULATORY SYSTEM DISORDERS WITHOUT CC/MCC
258	MDC 05	P	CARDIAC PACEMAKER DEVICE REPLACEMENT WITH MCC
259	MDC 05	P	CARDIAC PACEMAKER DEVICE REPLACEMENT WITHOUT MCC
260	MDC 05	P	CARDIAC PACEMAKER REVISION EXCEPT DEVICE REPLACEMENT WITH MCC
261	MDC 05	P	CARDIAC PACEMAKER REVISION EXCEPT DEVICE REPLACEMENT WITH CC
262	MDC 05	P	CARDIAC PACEMAKER REVISION EXCEPT DEVICE REPLACEMENT WITHOUT CC/MCC
263	MDC 05	P	VEIN LIGATION AND STRIPPING
264	MDC 05	P	OTHER CIRCULATORY SYSTEM O.R. PROCEDURES
265	MDC 05	P	AICD LEAD PROCEDURES
266	MDC 05	P	ENDOVASCULAR CARDIAC VALVE REPLACEMENT WITH MCC
267	MDC 05	P	ENDOVASCULAR CARDIAC VALVE REPLACEMENT WITHOUT MCC
268	MDC 05	P	AORTIC AND HEART ASSIST PROCEDURES EXCEPT PULSATION BALLOON W MCC
269	MDC 05	P	AORTIC AND HEART ASSIST PROCEDURES EXCEPT PULSATION BALLOON W/O MCC
270	MDC 05	P	OTHER MAJOR CARDIOVASCULAR PROCEDURES W MCC
271	MDC 05	P	OTHER MAJOR CARDIOVASCULAR PROCEDURES W CC
272	MDC 05	P	OTHER MAJOR CARDIOVASCULAR PROCEDURES W/O CC/MCC
273	MDC 05	P	PERCUTANEOUS INTRACARDIAC PROCEDURES W MCC
274	MDC 05	P	PERCUTANEOUS INTRACARDIAC PROCEDURES W/O MCC
280	MDC 05	M	ACUTE MYOCARDIAL INFARCTION DISCHARGED ALIVE WITH MCC
281	MDC 05	M	ACUTE MYOCARDIAL INFARCTION DISCHARGED ALIVE WITH CC
282	MDC 05	M	ACUTE MYOCARDIAL INFARCTION DISCHARGED ALIVE WITHOUT CC/MCC
283	MDC 05	M	ACUTE MYOCARDIAL INFARCTION EXPIRED WITH MCC
284	MDC 05	M	ACUTE MYOCARDIAL INFARCTION EXPIRED WITH CC
285	MDC 05	M	ACUTE MYOCARDIAL INFARCTION EXPIRED WITHOUT CC/MCC
286	MDC 05	M	CIRCULATORY DISORDERS EXCEPT AMI WITH CARDIAC CATETERIZATION WITH MCC
287	MDC 05	M	CIRCULATORY DISORDERS EXCEPT AMI WITH CARDIAC CATETERIZATION WITHOUT MCC
288	MDC 05	M	ACUTE AND SUBACUTE ENDOCARDITIS WITH MCC
289	MDC 05	M	ACUTE AND SUBACUTE ENDOCARDITIS WITH CC
290	MDC 05	M	ACUTE AND SUBACUTE ENDOCARDITIS WITHOUT CC/MCC
291	MDC 05	M	HEART FAILURE AND SHOCK WITH MCC
292	MDC 05	M	HEART FAILURE AND SHOCK WITH CC
293	MDC 05	M	HEART FAILURE AND SHOCK WITHOUT CC/MCC
294	MDC 05	M	DEEP VEIN THROMBOPHLEBITIS WITH CC/MCC
295	MDC 05	M	DEEP VEIN THROMBOPHLEBITIS WITHOUT CC/MCC
296	MDC 05	M	CARDIAC ARREST UNEXPLAINED WITH MCC
297	MDC 05	M	CARDIAC ARREST UNEXPLAINED WITH CC
298	MDC 05	M	CARDIAC ARREST UNEXPLAINED WITHOUT CC/MCC
299	MDC 05	M	PERIPHERAL VASCULAR DISORDERS WITH MCC
300	MDC 05	M	PERIPHERAL VASCULAR DISORDERS WITH CC
301	MDC 05	M	PERIPHERAL VASCULAR DISORDERS WITHOUT CC/MCC
302	MDC 05	M	ATHEROSCLEROSIS WITH MCC
303	MDC 05	M	ATHEROSCLEROSIS WITHOUT MCC
304	MDC 05	M	HYPERTENSION WITH MCC
305	MDC 05	M	HYPERTENSION WITHOUT MCC
306	MDC 05	M	CARDIAC CONGENITAL AND VALVULAR DISORDERS WITH MCC
307	MDC 05	M	CARDIAC CONGENITAL AND VALVULAR DISORDERS WITHOUT MCC
308	MDC 05	M	CARDIAC ARRHYTHMIA AND CONDUCTION DISORDERS WITH MCC
309	MDC 05	M	CARDIAC ARRHYTHMIA AND CONDUCTION DISORDERS WITH CC
310	MDC 05	M	CARDIAC ARRHYTHMIA AND CONDUCTION DISORDERS WITHOUT CC/MCC
311	MDC 05	M	ANGINA PECTORIS
312	MDC 05	M	SYNCOPE AND COLLAPSE
313	MDC 05	M	CHEST PAIN
314	MDC 05	M	OTHER CIRCULATORY SYSTEM DIAGNOSES WITH MCC
315	MDC 05	M	OTHER CIRCULATORY SYSTEM DIAGNOSES WITH CC
316	MDC 05	M	OTHER CIRCULATORY SYSTEM DIAGNOSES WITHOUT CC/MCC
326	MDC 06	P	STOMACH ESOPHAGEAL AND DUODENAL PROCEDURES WITH MCC
327	MDC 06	P	STOMACH ESOPHAGEAL AND DUODENAL PROCEDURES WITH CC
328	MDC 06	P	STOMACH ESOPHAGEAL AND DUODENAL PROCEDURES WITHOUT CC/MCC
329	MDC 06	P	MAJOR SMALL AND LARGE BOWEL PROCEDURES WITH MCC
330	MDC 06	P	MAJOR SMALL AND LARGE BOWEL PROCEDURES WITH CC
331	MDC 06	P	MAJOR SMALL AND LARGE BOWEL PROCEDURES WITHOUT CC/MCC
332	MDC 06	P	RECTAL RESECTION WITH MCC
333	MDC 06	P	RECTAL RESECTION WITH CC
334	MDC 06	P	RECTAL RESECTION WITHOUT CC/MCC
335	MDC 06	P	PERITONEAL ADHESIOLYSIS WITH MCC
336	MDC 06	P	PERITONEAL ADHESIOLYSIS WITH CC
337	MDC 06	P	PERITONEAL ADHESIOLYSIS WITHOUT CC/MCC
338	MDC 06	P	APPENDECTOMY WITH COMPLICATED PRINCIPAL DIAGNOSIS WITH MCC
339	MDC 06	P	APPENDECTOMY WITH COMPLICATED PRINCIPAL DIAGNOSIS WITH CC
340	MDC 06	P	APPENDECTOMY WITH COMPLICATED PRINCIPAL DIAGNOSIS WITHOUT CC/MCC
341	MDC 06	P	APPENDECTOMY WITHOUT COMPLICATED PRINCIPAL DIAGNOSIS WITH MCC
342	MDC 06	P	APPENDECTOMY WITHOUT COMPLICATED PRINCIPAL DIAGNOSIS WITH CC
343	MDC 06	P	APPENDECTOMY WITHOUT COMPLICATED PRINCIPAL DIAGNOSIS WITHOUT CC/MCC
344	MDC 06	P	MINOR SMALL AND LARGE BOWEL PROCEDURES WITH MCC
345	MDC 06	P	MINOR SMALL AND LARGE BOWEL PROCEDURES WITH CC
346	MDC 06	P	MINOR SMALL AND LARGE BOWEL PROCEDURES WITHOUT CC/MCC
347	MDC 06	P	ANAL AND STOMAL PROCEDURES WITH MCC
348	MDC 06	P	ANAL AND STOMAL PROCEDURES WITH CC
349	MDC 06	P	ANAL AND STOMAL PROCEDURES WITHOUT CC/MCC
350	MDC 06	P	INGUINAL AND FEMORAL HERNIA PROCEDURES WITH MCC
351	MDC 06	P	INGUINAL AND FEMORAL HERNIA PROCEDURES WITH CC
352	MDC 06	P	INGUINAL AND FEMORAL HERNIA PROCEDURES WITHOUT CC/MCC
353	MDC 06	P	HERNIA PROCEDURES EXCEPT INGUINAL AND FEMORAL WITH MCC
354	MDC 06	P	HERNIA PROCEDURES EXCEPT INGUINAL AND FEMORAL WITH CC
355	MDC 06	P	HERNIA PROCEDURES EXCEPT INGUINAL AND FEMORAL WITHOUT CC/MCC
356	MDC 06	P	OTHER DIGESTIVE SYSTEM O.R. PROCEDURES WITH MCC
357	MDC 06	P	OTHER DIGESTIVE SYSTEM O.R. PROCEDURES WITH CC
358	MDC 06	P	OTHER DIGESTIVE SYSTEM O.R. PROCEDURES WITHOUT CC/MCC
368	MDC 06	M	MAJOR ESOPHAGEAL DISORDERS WITH MCC
369	MDC 06	M	MAJOR ESOPHAGEAL DISORDERS WITH CC
370	MDC 06	M	MAJOR ESOPHAGEAL DISORDERS WITHOUT CC/MCC
371	MDC 06	M	MAJOR GASTROINTESTINAL DISORDERS AND PERITONEAL INFECTIONS WITH MCC
372	MDC 06	M	MAJOR GASTROINTESTINAL DISORDERS AND PERITONEAL INFECTIONS WITH CC
373	MDC 06	M	MAJOR GASTROINTESTINAL DISORDERS AND PERITONEAL INFECTIONS WITHOUT CC/MCC
374	MDC 06	M	DIGESTIVE MALIGNANCY WITH MCC
375	MDC 06	M	DIGESTIVE MALIGNANCY WITH CC
376	MDC 06	M	DIGESTIVE MALIGNANCY WITHOUT CC/MCC
377	MDC 06	M	G.I. HEMORRHAGE WITH MCC
378	MDC 06	M	G.I. HEMORRHAGE WITH CC
379	MDC 06	M	G.I. HEMORRHAGE WITHOUT CC/MCC
380	MDC 06	M	COMPLICATED PEPTIC ULCER WITH MCC
381	MDC 06	M	COMPLICATED PEPTIC ULCER WITH CC
382	MDC 06	M	COMPLICATED PEPTIC ULCER WITHOUT CC/MCC
383	MDC 06	M	UNCOMPLICATED PEPTIC ULCER WITH MCC
384	MDC 06	M	UNCOMPLICATED PEPTIC ULCER WITHOUT MCC
385	MDC 06	M	INFLAMMATORY BOWEL DISEASE WITH MCC
386	MDC 06	M	INFLAMMATORY BOWEL DISEASE WITH CC
387	MDC 06	M	INFLAMMATORY BOWEL DISEASE WITHOUT CC/MCC
388	MDC 06	M	G.I. OBSTRUCTION WITH MCC
389	MDC 06	M	G.I. OBSTRUCTION WITH CC
390	MDC 06	M	G.I. OBSTRUCTION WITHOUT CC/MCC
391	MDC 06	M	ESOPHAGITIS GASTROENTERITIS AND MISCELLANEOUS DIGESTIVE DISORDERS WITH MCC
392	MDC 06	M	ESOPHAGITIS GASTROENTERISTIS AND MISCELLANEOUS DIGESTIVE DISORDERS WITHOUT MCC
393	MDC 06	M	OTHER DIGESTIVE SYSTEM DIAGNOSES WITH MCC
394	MDC 06	M	OTHER DIGESTIVE SYSTEM DIAGNOSES WITH CC
395	MDC 06	M	OTHER DIGESTIVE SYSTEM DIAGNOSES WITHOUT CC/MCC
405	MDC 07	P	PANCREAS LIVER AND SHUNT PROCEDURES WITH MCC
406	MDC 07	P	PANCREAS LIVER AND SHUNT PROCEDURES WITH CC
407	MDC 07	P	PANCREAS LIVER AND SHUNT PROCEDURES WITHOUT CC/MCC
408	MDC 07	P	BILIARY TRACT PROCEDURE EXCEPT ONLY CHOLECYSTECTOMY WITH OR WITHOUT C.D.E. WITH MCC
409	MDC 07	P	BILIARY TRACT PROCEDURE EXCEPT ONLY CHOLECYSTECTOMY WITH OR WITHOUT C.D.E. WITH CC
410	MDC 07	P	BILIARY TRACT PROC EXCEPT ONLY CHOLECYST WITH OR WITHOUT C.D.E. WITHOUT CC/MCC
411	MDC 07	P	CHOLECYSTECTOMY WITH C.D.E. WITH MCC
412	MDC 07	P	CHOLECYSTECTOMY WITH C.D.E. WITH CC
413	MDC 07	P	CHOLECYSTECTOMY WITH C.D.E. WITHOUT CC/MCC
414	MDC 07	P	CHOLECYSTECTOMY EXCEPT BY LAPAROSCOPE WITHOUT C.D.E. WITH MCC
415	MDC 07	P	CHOLECYSTECTOMY EXCEPT BY LAPAROSCOPE WITHOUT C.D.E. WITH CC
416	MDC 07	P	CHOLECYSTECTOMY EXCEPT BY LAPAROSCOPE WITHOUT C.D.E. WITHOUT CC/MCC
417	MDC 07	P	LAPAROSCOPIC CHOLECYSTECTOMY WITHOUT C.D.E. WITH MCC
418	MDC 07	P	LAPAROSCOPIC CHOLECYSTECTOMY WITHOUT C.D.E. WITH CC
419	MDC 07	P	LAPAROSCOPIC CHOLECYSTECTOMY WITHOUT C.D.E. WITHOUT CC/MCC
420	MDC 07	P	HEPATOBILIARY DIAGNOSTIC PROCEDURES WITH MCC
421	MDC 07	P	HEPATOBILIARY DIAGNOSTIC PROCEDURES WITH CC
422	MDC 07	P	HEPATOBILIARY DIAGNOSTIC PROCEDURES WITHOUT CC/MCC
423	MDC 07	P	OTHER HEPATOBILIARY OR PANCREAS O.R. PROCEDURES WITH MCC
424	MDC 07	P	OTHER HEPATOBILIARY OR PANCREAS O.R. PROCEDURES WITH CC
425	MDC 07	P	OTHER HEPATOBILIARY OR PANCREAS O.R. PROCEDURES WITHOUT CC/MCC
432	MDC 07	M	CIRRHOSIS AND ALCOHOLIC HEPATITIS WITH MCC
433	MDC 07	M	CIRRHOSIS AND ALCOHOLIC HEPATITIS WITH CC
434	MDC 07	M	CIRRHOSIS AND ALCOHOLIC HEPATITIS WITHOUT CC/MCC
435	MDC 07	M	MALIGNANCY OF HEPATOBILIARY SYSTEM OR PANCREAS WITH MCC
436	MDC 07	M	MALIGNANCY OF HEPATOBILIARY SYSTEM OR PANCREAS WITH CC
437	MDC 07	M	MALIGNANCY OF HEPATOBILIARY SYSTEM OR PANCREAS WITHOUT CC/MCC
438	MDC 07	M	DISORDERS OF PANCREAS EXCEPT MALIGNANCY WITH MCC
439	MDC 07	M	DISORDERS OF PANCREAS EXCEPT MALIGNANCY WITH CC
440	MDC 07	M	DISORDERS OF PANCREAS EXCEPT MALIGNANCY WITHOUT CC/MCC
441	MDC 07	M	DISORDERS OF LIVER EXCEPT MALIGNANCY CIRRHOSIS OR ALCOHOLIC HEPATITIS WITH MCC
442	MDC 07	M	DISORDERS OF LIVER EXCEPT MALIGNANCY CIRRHOSIS OR ALCOHOLIC HEPATITIS WITH CC
443	MDC 07	M	DISORDERS OF LIVER EXCEPT MALIGNANCY CIRRHOSIS OR ALCOHOLIC HEPATITIS WITHOUT CC/MCC
444	MDC 07	M	DISORDERS OF THE BILIARY TRACT WITH MCC
445	MDC 07	M	DISORDERS OF THE BILIARY TRACT WITH CC
446	MDC 07	M	DISORDERS OF THE BILIARY TRACT WITHOUT CC/MCC
453	MDC 08	P	COMBINED ANTERIOR/POSTERIOR SPINAL FUSION WITH MCC
454	MDC 08	P	COMBINED ANTERIOR/POSTERIOR SPINAL FUSION WITH CC
455	MDC 08	P	COMBINED ANTERIOR/POSTERIOR SPINAL FUSION WITHOUT CC/MCC
456	MDC 08	P	SPINAL FUSION EXCEPT CERVICAL WITH SPINAL CURVATURE OR MALIGNANCY OR INFECTION OR EXTENSIVE FUSIONS WITH MCC
457	MDC 08	P	SPINAL FUSION EXCEPT CERVICAL WITH SPINAL CURVATURE OR MALIGNANCY OR INFECTION OR EXTENSIVE FUSIONS WITH CC
458	MDC 08	P	SPINAL FUSION EXCEPT CERVICAL WITH SPINAL CURVATURE OR MALIGNANCY OR INFECTION OR EXTENSIVE FUSIONS WITHOUT CC/MCC
459	MDC 08	P	SPINAL FUSION EXCEPT CERVICAL WITH MCC
460	MDC 08	P	SPINAL FUSION EXCEPT CERVICAL WITHOUT MCC
461	MDC 08	P	BILATERAL OR MULTIPLE MAJOR JOINT PROCEDURES OF LOWER EXTREMITY WITH MCC
462	MDC 08	P	BILATERAL OR MULTIPLE MAJOR JOINT PROCEDURES OF LOWER EXTREMITY WITHOUT MCC
463	MDC 08	P	WOUND DEBRIDEMENT AND SKIN GRAFT EXCEPT HAND FOR MUSCULOSKELETAL SYSTEM AND CONNECTIVE TISSUE DISORDERS WITH MCC
464	MDC 08	P	WOUND DEBRIDEMENT AND SKIN GRAFT EXCEPT HAND FOR MUSCULOSKELETAL SYSTEM AND CONNECTIVE TISSUE DISORDERS WITH CC
465	MDC 08	P	WOUND DEBRIDEMENT AND SKIN GRAFT EXCEPT HAND FOR MUSCULOSKELETAL SYSTEM AND CONNECTIVE TISSUE DISORDERS WITHOUT CC/MCC
466	MDC 08	P	REVISION OF HIP OR KNEE REPLACEMENT WITH MCC
467	MDC 08	P	REVISION OF HIP OR KNEE REPLACEMENT WITH CC
468	MDC 08	P	REVISION OF HIP OR KNEE REPLACEMENT WITHOUT CC/MCC
469	MDC 08	P	MAJOR JOINT REPLACEMENT OR REATTACHMENT OF LOWER EXTREMITY WITH MCC
470	MDC 08	P	MAJOR JOINT REPLACEMENT OR REATTACHMENT OF LOWER EXTREMITY WITHOUT MCC
471	MDC 08	P	CERVICAL SPINAL FUSION WITH MCC
472	MDC 08	P	CERVICAL SPINAL FUSION WITH CC
473	MDC 08	P	CERVICAL SPINAL FUSION WITHOUT CC/MCC
474	MDC 08	P	AMPUTATION FOR MUSCULOSKELETAL SYSTEM AND CONNECTIVE TISSUE DISORDERS WITH MCC
475	MDC 08	P	AMPUTATION FOR MUSCULOSKELETAL SYSTEM AND CONNECTIVE TISSUE DISORDERS WITH CC
476	MDC 08	P	AMPUTATION FOR MUSCULOSKELETAL SYSTEM AND CONNECTIVE TISSUE DISORDERS WITHOUT CC/MCC
477	MDC 08	P	BIOPSIES OF MUSCULOSKELETAL SYSTEM AND CONNECTIVE TISSUE WITH MCC
478	MDC 08	P	BIOPSIES OF MUSCULOSKELETAL SYSTEM AND CONNECTIVE TISSUE WITH CC
479	MDC 08	P	BIOPSIES OF MUSCULOSKELETAL SYSTEM AND CONNECTIVE TISSUE WITHOUT CC/MCC
480	MDC 08	P	HIP AND FEMUR PROCEDURES EXCEPT MAJOR JOINT WITH MCC
481	MDC 08	P	HIP AND FEMUR PROCEDURES EXCEPT MAJOR JOINT WITH CC
482	MDC 08	P	HIP AND FEMUR PROCEDURES EXCEPT MAJOR JOINT WITHOUT CC/MCC
483	MDC 08	P	MAJOR JOINT/LIMB REATTACHMENT PROCEDURE OF UPPER EXTREMITIES
485	MDC 08	P	KNEE PROCEDURES WITH PDX OF INFECTION WITH MCC
486	MDC 08	P	KNEE PROCEDURES WITH PDX OF INFECTION WITH CC
487	MDC 08	P	KNEE PROCEDURES WITH PDX OF INFECTION WITHOUT CC/MCC
488	MDC 08	P	KNEE PROCEDURES WITHOUT PDX OF INFECTION WITH CC/MCC
489	MDC 08	P	KNEE PROCEDURES WITHOUT PDX OF INFECTION WITHOUT CC/MCC
492	MDC 08	P	LOWER EXTREMITY AND HUMERUS PROCEDURES EXCEPT HIP FOOT AND FEMUR WITH MCC
493	MDC 08	P	LOWER EXTREMITY AND HUMERUS PROCEDURES EXCEPT HIP FOOT AND FEMUR WITH CC
494	MDC 08	P	LOWER EXTREMITY AND HUMERUS PROCEDURES EXCEPT HIP FOOT AND FEMUR WITHOUT CC/MCC
495	MDC 08	P	LOCAL EXCISION AND REMOVAL OF INTERNAL FIXATIOM DEVICES EXCEPT HIP AND FEMUR WITH MCC
496	MDC 08	P	LOCAL EXCISION AND REMOVAL OF INTERNAL FIXATION DEVICES EXCEPT HIP AND FEMUR WITH CC
497	MDC 08	P	LOCAL EXCISION AND REMOVAL INTERNAL FIXATION DEVICES EXCEPT HIP AND FEMUR WITHOUT CC/MCC
498	MDC 08	P	LOCAL EXCISION AND REMOVAL INTERNAL FIXATION DEVICES OF HIP AND FEMUR WITH CC/MCC
499	MDC 08	P	LOCAL EXCISION AND REMOVAL INTERNAL FIXATION DEVICES OF HIP AND FEMUR WITHOUT CC/MCC
500	MDC 08	P	SOFT TISSUE PROCEDURES WITH MCC
501	MDC 08	P	SOFT TISSUE PROCEDURES WITH CC
502	MDC 08	P	SOFT TISSUE PROCEDURES WITHOUT CC/MCC
503	MDC 08	P	FOOT PROCEDURES WITH MCC
504	MDC 08	P	FOOT PROCEDURES WITH CC
505	MDC 08	P	FOOT PROCEDURES WITHOUT CC/MCC
506	MDC 08	P	MAJOR THUMB OR JOINT PROCEDURES
507	MDC 08	P	MAJOR SHOULDER OR ELBOW JOINT PROCEDURES WITH CC/MCC
508	MDC 08	P	MAJOR SHOULDER OR ELBOW JOINT PROCEDURES WITHOUT CC/MCC
509	MDC 08	P	ARTHROSCOPY
510	MDC 08	P	SHOULDER ELBOW OR FOREARM PROCEDURES EXCEPT MAJOR JOINT PROCEDURES WITH MCC
511	MDC 08	P	SHOULDER ELBOW OR FOREARM PROCEDURES EXCEPT MAJOR JOINT PROCEDURES WITH CC
512	MDC 08	P	SHOULDER ELBOW OR FOREARM PROCEDURES EXCEPT MAJOR JOINT PROCEDURES WITHOUT CC/MCC
513	MDC 08	P	HAND OR WRIST PROCEDURES EXCEPT MAJOR THUMB OR JOINT PROCEDURES WITH CC/MCC
514	MDC 08	P	HAND OR WRIST PROCEDURES EXCEPT MAJOR THUMB OR JOINT PROCEDURES WITHOUT CC/MCC
515	MDC 08	P	OTHER MUSCULOSKELETAL SYSTEM AND CONNECTIVE TISSUE O.R. PROCEDURES WITH MCC
516	MDC 08	P	OTHER MUSCULOSKELETAL SYSTEM AND CONNECTIVE TISSUE O.R. PROCEDURES WITH CC
517	MDC 08	P	OTHER MUSCULOSKELETAL SYSTEM AND CONNECTIVE TISSUE O.R. PROCEDURES WITHOUT CC/MCC
518	MDC 08	P	BACK AND NECK PROCEDURES EXCEPT SPINAL FUSION WITH MCC OR DISC DEVICE OR NEUROSTIMULATOR
519	MDC 08	P	BACK AND NECK PROCEDURES EXCEPT SPINAL FUSION WITH CC
520	MDC 08	P	BACK AND NECK PROCEDURES EXCEPT SPINAL FUSION WITHOUT CC/MCC
533	MDC 08	M	FRACTURES OF FEMUR WITH MCC
534	MDC 08	M	FRACTURES OF FEMUR WITHOUT MCC
535	MDC 08	M	FRACTURES OF HIP AND PELVIS WITH MCC
536	MDC 08	M	FRACTURES OF HIP AND PELVIS WITHOUT MCC
537	MDC 08	M	SPRAINS STRAINS AND DISLOCATIONS OF HIP PELVIS AND THIGH WITH CC/MCC
538	MDC 08	M	SPRAINS STRAINS AND DISLOCATIONS OF HIP PELVIS AND THIGH WITHOUT CC/MCC
539	MDC 08	M	OSTEOMYELITIS WITH MCC
540	MDC 08	M	OSTEOMYELITIS WITH CC
541	MDC 08	M	OSTEOMYELITIS WITHOUT CC/MCC
542	MDC 08	M	PATHOLOGICAL FRACTURES AND MUSCULOSKELETAL AND CONNECTIVE TISSUE MALIGNANCY WITH MCC
543	MDC 08	M	PATHOLOGICAL FRACTURES AND MUSCULOSKELETAL AND CONNECTIVE TISSUE MALIGNANCY WITH CC
544	MDC 08	M	PATHOLOGICAL FRACTURES AND MUSCULOSKELETAL AND CONNECTIVE TISSUE MALIGNANCY WITHOUT CC/MCC
545	MDC 08	M	CONNECTIVE TISSUE DISORDERS WITH MCC
546	MDC 08	M	CONNECTIVE TISSUE DISORDERS WITH CC
547	MDC 08	M	CONNECTIVE TISSUE DISORDERS WITHOUT CC/MCC
548	MDC 08	M	SEPTIC ARTHRITIS WITH MCC
549	MDC 08	M	SEPTIC ARTHRITIS WITH CC
550	MDC 08	M	SEPTIC ARTHRITIS WITHOUT CC/MCC
551	MDC 08	M	MEDICAL BACK PROBLEMS WITH MCC
552	MDC 08	M	MEDICAL BACK PROBLEMS WITHOUT MCC
553	MDC 08	M	BONE DISEASES AND ARTHROPATHIES WITH MCC
554	MDC 08	M	BONE DISEASES AND ARTHROPATHIES WITHOUT MCC
555	MDC 08	M	SIGNS AND SYMPTOMS OF MUSCULOSKELETAL SYSTEM AND CONNECTIVE TISSUE WITH MCC
556	MDC 08	M	SIGNS AND SYMPTOMS OF MUSCULOSKELETAL SYSTEM AND CONNECTIVE TISSUE WITHOUT MCC
557	MDC 08	M	TENDONITIS MYOSITIS AND BURSITIS WITH MCC
558	MDC 08	M	TENDONITIS MYOSITIS AND BURSITIS WITHOUT MCC
559	MDC 08	M	AFTERCARE MUSCULOSKELETAL SYSTEM AND CONNECTIVE TISSUE WITH MCC
560	MDC 08	M	AFTERCARE MUSCULOSKELETAL SYSTEM AND CONNECTIVE TISSUE WITH CC
561	MDC 08	M	AFTERCARE MUSCULOSKELETAL SYSTEM AND CONNECTIVE TISSUE WITHOUT CC/MCC
562	MDC 08	M	FRACTURE SPRAIN STRAIN AND DISLOCATION EXCEPT FEMUR HIP PELVIS AND THIGH WITH MCC
563	MDC 08	M	FRACTURE SPRAIN STRAIN AND DISLOCATION EXCEPT FEMUR HIP PELVIS AND THIGH WITHOUT MCC
564	MDC 08	M	OTHER MUSCULOSKELETAL SYSTEM AND CONNECTIVE TISSUE DIAGNOSES WITH MCC
565	MDC 08	M	OTHER MUSCULOSKELETAL SYSTEM AND CONNECTIVE TISSUE DIAGNOSES WITH CC
566	MDC 08	M	OTHER MUSCULOSKELETAL SYSTEM AND CONNECTIVE TISSUE DIAGNOSES WITHOUT CC/MCC
570	MDC 09	P	SKIN DEBRIDEMENT WITH MCC
571	MDC 09	P	SKIN DEBRIDEMENT WITH CC
572	MDC 09	P	SKIN DEBRIDEMENT WITHOUT CC/MCC
573	MDC 09	P	SKIN GRAFT FOR SKIN ULCER OR CELLULITIS WITH MCC
574	MDC 09	P	SKIN GRAFT FOR SKIN ULCER OR CELLULITIS WITH CC
575	MDC 09	P	SKIN GRAFT FOR SKIN ULCER OR CELLULITIS WITHOUT CC/MCC
576	MDC 09	P	SKIN GRAFT EXCEPT FOR SKIN ULCER OR CELLULITIS WITH MCC
577	MDC 09	P	SKIN GRAFT EXCEPT FOR SKIN ULCER OR CELLULITIS WITH CC
578	MDC 09	P	SKIN GRAFT EXCEPT FOR SKIN ULCER OR CELLULITIS WITHOUT CC/MCC
579	MDC 09	P	OTHER SKIN SUBCUTANEOUS TISSUE AND BREAST PROCEDURES WITH MCC
580	MDC 09	P	OTHER SKIN SUBCUTANEOUS TISSUE AND BREAST PROCEDURES WITH CC
581	MDC 09	P	OTHER SKIN SUBCUTANEOUS TISSUE AND BREAST PROCEDURES WITHOUT CC/MCC
582	MDC 09	P	MASTECTOMY FOR MALIGNANCY WITH CC/MCC
583	MDC 09	P	MASTECTOMY FOR MALIGNANCY WITHOUT CC/MCC
584	MDC 09	P	BREAST BIOPSY LOCAL EXCISION AND OTHER BREAST PROCEDURES WITH CC/MCC
585	MDC 09	P	BREAST BIOPSY LOCAL EXCISION AND OTHER BREAST PROCEDURES WITHOUT CC/MCC
592	MDC 09	M	SKIN ULCERS WITH MCC
593	MDC 09	M	SKIN ULCERS WITH CC
594	MDC 09	M	SKIN ULCERS WITHOUT CC/MCC
595	MDC 09	M	MAJOR SKIN DISORDERS WITH MCC
596	MDC 09	M	MAJOR SKIN DISORDERS WITHOUT MCC
597	MDC 09	M	MALIGNANT BREAST DISORDERS WITH MCC
598	MDC 09	M	MALIGNANT BREAST DISORDERS WITH CC
599	MDC 09	M	MALIGNANT BREAST DISORDERS WITHOUT CC/MCC
600	MDC 09	M	NON-MALIGNANT BREAST DISORDERS WITH CC/MCC
601	MDC 09	M	NON-MALIGNANT BREAST DISORDERS WITHOUT CC/MCC
602	MDC 09	M	CELLULITIS WITH MCC
603	MDC 09	M	CELLULITIS WITHOUT MCC
604	MDC 09	M	TRAUMA TO THE SKIN SUBCUTANEOUS TISSUE AND BREAST WITH MCC
605	MDC 09	M	TRAUMA TO THE SKIN SUBCUTANEOUS TISSUE AND BREAST WITHOUT MCC
606	MDC 09	M	MINOR SKIN DISORDERS WITH MCC
607	MDC 09	M	MINOR SKIN DISORDERS WITHOUT MCC
614	MDC 10	P	ADRENAL AND PITUITARY PROCEDURES WITH CC/MCC
615	MDC 10	P	ADRENAL AND PITUITARY PROCEDURES WITHOUT CC/MCC
616	MDC 10	P	AMPUTATION OF LOWER LIMB FOR ENDOCRINE NUTRITIONAL AND METABOLIC DISORDERS WITH MCC
617	MDC 10	P	AMPUTATION OF LOWER LIMB FOR ENDOCRINE NUTRITIONAL AND METABOLIC DISORDERS WITH CC
618	MDC 10	P	AMPUTATION OF LOWER LIMB FOR ENDOCRINE NUTRITIONAL AND METABOLIC DISORDERS WITHOUT CC/MCC
619	MDC 10	P	O.R. PROCEDURES FOR OBESITY WITH MCC
620	MDC 10	P	O.R. PROCEDURES FOR OBESITY WITH CC
621	MDC 10	P	O.R. PROCEDURES FOR OBESITY WITHOUT CC/MCC
622	MDC 10	P	SKIN GRAFTS AND WOUND DEBRIDEMENT FOR ENDOCRINE NUTRITIONAL AND METABOLIC DISORDERS WITH MCC
623	MDC 10	P	SKIN GRAFTS AND WOUND DEBRIDEMENT FOR ENDOCRINE NUTRITIONAL AND METABOLIC DISORDERS WITH CC
624	MDC 10	P	SKIN GRAFTS AND WOUND DEBRIDEMENT FOR ENDOCRINE NUTRITIONAL AND METABOLIC DISORDERS WITHOUT CC/MCC
625	MDC 10	P	THYROID PARATHYROID AND THYROGLOSSAL PROCEDURES WITH MCC
626	MDC 10	P	THYROID PARATHYROID AND THYROGLOSSAL PROCEDURES WITH CC
627	MDC 10	P	THYROID PARATHYROID AND THYROGLOSSAL PROCEDURES WITHOUT CC/MCC
628	MDC 10	P	OTHER ENDOCRINE NUTRITIONAL AND METABOLIC O.R. PROCEDURES WITH MCC
629	MDC 10	P	OTHER ENDOCRINE NUTRITIONAL AND METABOLIC O.R. PROCEDURES WITH CC
630	MDC 10	P	OTHER ENDOCRINE NUTRITIONAL AND METABOLIC O.R. PROCEDURSE WITHOUT CC/MCC
637	MDC 10	M	DIABETES WITH MCC
638	MDC 10	M	DIABETES WITH CC
639	MDC 10	M	DIABETES WITHOUT CC/MCC
640	MDC 10	M	MISCELLANEOUS DISORDERS OF NUTRITION METABOLISM  FLUIDS AND ELECTROLYTES WITH MCC
641	MDC 10	M	MISCELLANEOUS DISORDERS OF NUTRITION METABOLISM  FLUIDS AND ELECTROLYTES WITHOUT MCC
642	MDC 10	M	INBORN AND OTHER DISORDERS OF METABOLISM
643	MDC 10	M	ENDOCRINE DISORDERS WITH MCC
644	MDC 10	M	ENDOCRINE DISORDERS WITH CC
645	MDC 10	M	ENDOCRINE DISORDERS WITHOUT CC/MCC
652	MDC 11	P	KIDNEY TRANSPLANT
653	MDC 11	P	MAJOR BLADDER PROCEDURES WITH MCC
654	MDC 11	P	MAJOR BLADDER PROCEDURES WITH CC
655	MDC 11	P	MAJOR BLADDER PROCEDURES WITHOUT CC/MCC
656	MDC 11	P	KIDNEY AND URETER PROCEDURES FOR NEOPLASM WITH MCC
657	MDC 11	P	KIDNEY AND URETER PROCEDURES FOR NEOPLASM WITH CC
658	MDC 11	P	KIDNEY AND URETER PROCEDURES FOR NEOPLASM WITHOUT CC/MCC
659	MDC 11	P	KIDNEY AND URETER PROCEDURES FOR NON-NEOPLASM WITH MCC
660	MDC 11	P	KIDNEY AND URETER PROCEDURES FOR NON-NEOPLASM WITH CC
661	MDC 11	P	KIDNEY AND URETER PROCEDURES FOR NON-NEOPLASM WITHOUT CC/MCC
662	MDC 11	P	MINOR BLADDER PROCEDURES WITH MCC
663	MDC 11	P	MINOR BLADDER PROCEDURES WITH CC
664	MDC 11	P	MINOR BLADDER PROCEDURES WITHOUT CC/MCC
665	MDC 11	P	PROSTATECTOMY WITH MCC
666	MDC 11	P	PROSTATECTOMY WITH CC
667	MDC 11	P	PROSTATECTOMY WITHOUT CC/MCC
668	MDC 11	P	TRANSURETHRAL PROCEDURES WITH MCC
669	MDC 11	P	TRANSURETHRAL PROCEDURES WITH CC
670	MDC 11	P	TRANSURETHRAL PROCEDURES WITHOUT CC/MCC
671	MDC 11	P	URETHRAL PROCEDURES WITH CC/MCC
672	MDC 11	P	URETHRAL PROCEDURES WITHOUT CC/MCC
673	MDC 11	P	OTHER KIDNEY AND URINARY TRACT PROCEDURES WITH MCC
674	MDC 11	P	OTHER KIDNEY AND URINARY TRACT PROCEDURES WITH CC
675	MDC 11	P	OTHER KIDNEY AND URINARY TRACT PROCEDURES WITHOUT CC/MCC
682	MDC 11	M	RENAL FAILURE WITH MCC
683	MDC 11	M	RENAL FAILURE WITH CC
684	MDC 11	M	RENAL FAILURE WITHOUT CC/MCC
685	MDC 11	M	ADMIT FOR RENAL DIALYSIS
686	MDC 11	M	KIDNEY AND URINARY TRACT NEOPLASMS WITH MCC
687	MDC 11	M	KIDNEY AND URINARY TRACT NEOPLASMS WITH CC
688	MDC 11	M	KIDNEY AND URINARY TRACT NEOPLASMS WITHOUT CC/MCC
689	MDC 11	M	KIDNEY AND URINARY TRACT INFECTIONS WITH MCC
690	MDC 11	M	KIDNEY AND URINARY TRACT INFECTIONS WITHOUT MCC
691	MDC 11	M	URINARY STONES WITH ESW LITHOTRIPSY WITH CC/MCC
692	MDC 11	M	URINARY STONES WITH ESW LITHOTRIPSY WITHOUT CC/MCC
693	MDC 11	M	URINARY STONES WITHOUT ESW LITHOTRIPSY WITH MCC
694	MDC 11	M	URINARY STONES WITHOUT ESW LITHOTRIPSY WITHOUT MCC
695	MDC 11	M	KIDNEY AND URINARY TRACT SIGNS AND SYMPTOMS WITH MCC
696	MDC 11	M	KIDNEY AND URINARY TRACT SIGNS AND SYMPTOMS WITHOUT MCC
697	MDC 11	M	URETHRAL STRICTURE
698	MDC 11	M	OTHER KIDNEY AND URINARY TRACT DIAGNOSES WITH MCC
699	MDC 11	M	OTHER KIDNEY AND URINARY TRACT DIAGNOSES WITH CC
700	MDC 11	M	OTHER KIDNEY AND URINARY TRACT DIAGNOSES WITHOUT CC/MCC
707	MDC 12	P	MAJOR MALE PELVIC PROCEDURES WITH CC/MCC
708	MDC 12	P	MAJOR MALE PELVIC PROCEDURES WITHOUT CC/MCC
709	MDC 12	P	PENIS PROCEDURES WITH CC/MCC
710	MDC 12	P	PENIS PROCEDURES WITHOUT CC/MCC
711	MDC 12	P	TESTES PROCEDURES WITH CC/MCC
712	MDC 12	P	TESTES PROCEDURES WITHOUT CC/MCC
713	MDC 12	P	TRANSURETHRAL PROSTATECTOMY WITH CC/MCC
714	MDC 12	P	TRANSURETHRAL PROSTATECTOMY WITHOUT CC/MCC
715	MDC 12	P	OTHER MALE REPRODUCTIVE SYSTEM O.R. PROCEDURES FOR MALIGNANCY WITH CC/MCC
716	MDC 12	P	OTHER MALE REPRODUCTIVE SYSTEM O.R. PROCEDURES FOR MALIGNANCY WITHOUT CC/MCC
717	MDC 12	P	OTHER MALE REPRODUCTIVE SYSTEM O.R. PROCEDURES EXCEPT MALIGNANCY WITH CC/MCC
718	MDC 12	P	OTHER MALE REPRODUCTIVE SYSTEM O.R. PROC EXCEPT MALIGNANCY WITHOUT CC/MCC
722	MDC 12	M	MALIGNANCY MALE REPRODUCTIVE SYSTEM WITH MCC
723	MDC 12	M	MALIGNANCY MALE REPRODUCTIVE SYSTEM WITH CC
724	MDC 12	M	MALIGNANCY MALE REPRODUCTIVE SYSTEM WITHOUT CC/MCC
725	MDC 12	M	BENIGN PROSTATIC HYPERTROPHY WITH MCC
726	MDC 12	M	BENIGN PROSTATIC HYPERTROPHY WITHOUT MCC
727	MDC 12	M	INFLAMMATION OF THE MALE REPRODUCTIVE SYSTEM WITH MCC
728	MDC 12	M	INFLAMMATION OF THE MALE REPRODUCTIVE SYSTEM WITHOUT MCC
729	MDC 12	M	OTHER MALE REPRODUCTIVE SYSTEM DIAGNOSES WITH CC/MCC
730	MDC 12	M	OTHER MALE REPRODUCTIVE SYSTEM DIAGNOSES WITHOUT CC/MCC
734	MDC 13	P	PELVIC EVISCERATION RADICAL HYSTERECTOMY AND RADICAL VULVECTOMY WITH CC/MCC
735	MDC 13	P	PELVIC EVISCERATION RADICAL HYSTERECTOMY AND RADICAL VULVECTOMY WITHOUT CC/MCC
736	MDC 13	P	UTERINE AND ADNEXA PROCEDURES FOR OVARIAN OR ADNEXAL MALIGNANCY WITH MCC
737	MDC 13	P	UTERINE AND ADNEXA PROCEDURES FOR OVARIAN OR ADNEXAL MALIGNANCY WITH CC
738	MDC 13	P	UTERINE AND ADNEXA PROCEDURES FOR OVARIAN OR ADNEXAL MALIGNANCY WITHOUT CC/MCC
739	MDC 13	P	UTERINE ADNEXA PROCEDURES FOR NON-OVARIAN AND NON-ADNEXAL MALIGNANCY WITH MCC
740	MDC 13	P	UTERINE ADNEXA PROCEDURES FOR NON-OVARIAN AND NON-ADNEXAL MALIGNANCY WITH CC
741	MDC 13	P	UTERINE ADNEXA PROCEDURES FOR NON-OVARIAN AND NON-ADNEXAL MALIGNANCY WITHOUT CC/MCC
742	MDC 13	P	UTERINE AND ADNEXA PROCEDURES FOR NON-MALIGNANCY WITH CC/MCC
743	MDC 13	P	UTERINE AND ADNEXA PROCEDURES FOR NON-MALIGNANCY WITHOUT CC/MCC
744	MDC 13	P	D&C CONIZATION LAPAROSCOPY AND TUBAL INTERRUPTION WITH CC/MCC
745	MDC 13	P	D&C CONIZATION LAPAROSCOPY AND TUBAL INTERRUPTION WITHOUT CC/MCC
746	MDC 13	P	VAGINA CERVIX AND VULVA PROCEDURES WITH CC/MCC
747	MDC 13	P	VAGINA CERVIX AND VULVA PROCEDURES WITHOUT CC/MCC
748	MDC 13	P	FEMALE REPRODUCTIVE SYSTEM RECONSTRUCTIVE PROCEDURES
749	MDC 13	P	OTHER FEMALE REPRODUCTIVE SYSTEM O.R. PROCEDURES WITH CC/MCC
750	MDC 13	P	OTHER FEMALE REPRODUCTIVE SYSTEM O.R. PROCEDURES WITHOUT CC/MCC
754	MDC 13	M	MALIGNANCY FEMALE REPRODUCTIVE SYSTEM WITH MCC
755	MDC 13	M	MALIGNANCY FEMALE REPRODUCTIVE SYSTEM WITH CC
756	MDC 13	M	MALIGNANCY FEMALE REPRODUCTIVE SYSTEM WITHOUT CC/MCC
757	MDC 13	M	INFECTIONS FEMALE REPRODUCTIVE SYSTEM WITH MCC
758	MDC 13	M	INFECTIONS FEMALE REPRODUCTIVE SYSTEM WITH CC
759	MDC 13	M	INFECTIONS FEMALE REPRODUCTIVE SYSTEM WITHOUT CC/MCC
760	MDC 13	M	MENSTRUAL AND OTHER FEMALE REPRODUCTIVE SYSTEM DISORDERS WITH CC/MCC
761	MDC 13	M	MENSTRUAL AND OTHER FEMALE REPRODUCTIVE SYSTEM DISORDERS WITHOUT CC/MCC
765	MDC 14	P	CESAREAN SECTION WITH CC/MCC
766	MDC 14	P	CESAREAN SECTION WITHOUT CC/MCC
767	MDC 14	P	VAGINAL DELIVERY WITH STERILIZATION AND/OR D&C
768	MDC 14	P	VAGINAL DELIVERY WITH O.R. PROCEDURE EXCEPT STERILIZATION AND/OR D&C
769	MDC 14	P	POSTPARTUM AND POST ABORTION DIAGNOSES WITH O.R. PROCEDURE
770	MDC 14	P	ABORTION WITH D&C ASPIRATION CURETTAGE OR HYSTEROTOMY
774	MDC 14	M	VAGINAL DELIVERY WITH COMPLICATING DIAGNOSES
775	MDC 14	M	VAGINAL DELIVERY WITHOUT COMPLICATING DIAGNOSES
776	MDC 14	M	POSTPARTUM AND POST ABORTION DIAGNOSES WITHOUT O.R. PROCEDURE
777	MDC 14	M	ECTOPIC PREGNANCY
778	MDC 14	M	THREATENED ABORTION
779	MDC 14	M	ABORTION WITHOUT D&C
780	MDC 14	M	FALSE LABOR
781	MDC 14	M	OTHER ANTEPARTUM DIAGNOSES WITH MEDICAL COMPLICATIONS
782	MDC 14	M	OTHER ANTEPARTUM DIAGNOSES WITHOUT MEDICAL COMPLICATIONS
789	MDC 15	M	NEONATES DIED OR TRANSFERRED TO ANOTHER ACUTE CARE FACILITY
790	MDC 15	M	EXTREME IMMATURITY OR RESPIRATORY DISTRESS SYNDROME NEONATE
791	MDC 15	M	PREMATURITY WITH MAJOR PROBLEMS
792	MDC 15	M	PREMATURITY WITHOUT MAJOR PROBLEMS
793	MDC 15	M	FULL TERM NEONATE WITH MAJOR PROBLEMS
794	MDC 15	M	NEONATE WITH OTHER SIGNIFICANT PROBLEMS
795	MDC 15	M	NORMAL NEWBORN
799	MDC 16	P	SPLENECTOMY WITH MCC
800	MDC 16	P	SPLENECTOMY WITH CC
801	MDC 16	P	SPLENECTOMY WITHOUT CC/MCC
802	MDC 16	P	OTHER O.R. PROCEDURES OF THE BLOOD AND BLOOD FORMING ORGANS WITH MCC
803	MDC 16	P	OTHER O.R. PROCEDURES OF THE BLOOD AND BLOOD FORMING ORGANS WITH CC
804	MDC 16	P	OTHER O.R. PROCEDURES OF THE BLOOD AND BLOOD FORMING ORGANS WITHOUT CC/MCC
808	MDC 16	M	MAJOR HEMATOLOGICAL AND IMMUNOLOGICAL DIAGNOSES EXCEPT SICKLE CELL CRISIS AND COAGULATION DISORDERS WITH MCC
809	MDC 16	M	MAJOR HEMATOLOGICAL AND IMMUNOLOGICAL DIAGNOSES EXCEPT SICKLE CELL CRISIS AND COAGULATION DISORDERS WITH CC
810	MDC 16	M	MAJOR HEMATOLOGICAL AND IMMUNOLOGICAL DIAGNOSES EXCEPT SICKLE CELL CRISIS AND COAGULATION DISORDERS WITHOUT CC/MCC
811	MDC 16	M	RED BLOOD CELL DISORDERS WITH MCC
812	MDC 16	M	RED BLOOD CELL DISORDERS WITHOUT MCC
813	MDC 16	M	COAGULATION DISORDERS
814	MDC 16	M	RETICULOENDOTHELIAL AND IMMUNITY DISORDERS WITH MCC
815	MDC 16	M	RETICULOENDOTHELIAL AND IMMUNITY DISORDERS WITH CC
816	MDC 16	M	RETICULOENDOTHELIAL AND IMMUNITY DISORDERS WITHOUT CC/MCC
820	MDC 17	P	LYMPHOMA AND LEUKEMIA WITH MAJOR O.R. PROCEDURE WITH MCC
821	MDC 17	P	LYMPHOMA AND LEUKEMIA WITH MAJOR O.R. PROCEDURE WITH CC
822	MDC 17	P	LYMPHOMA AND LEUKEMIA WITH MAJOR O.R. PROCEDURE WITHOUT CC/MCC
823	MDC 17	P	LYMPHOMA AND NON-ACUTE LEUKEMIA WITH OTHER O.R. PROCEDURE WITH MCC
824	MDC 17	P	LYMPHOMA AND NON-ACUTE LEUKEMIA WITH OTHER O.R. PROCEDURE WITH CC
825	MDC 17	P	LYMPHOMA AND NON-ACUTE LEUKEMIA WITH OTHER O.R. PROCEDURE WITHOUT CC/MCC
826	MDC 17	P	MYELOPROLIFERATIVE DISORDERS OR POORLY DIFFERENTIATED NEOPLASMS WITH MAJOR O.R. PROCEDURE WITH MCC
827	MDC 17	P	MYELOPROLIFERATIVE DISORDERS OR POORLY DIFFERENTIATED NEOPLASMS WITH MAJOR O.R. PROCEDURE WITH CC
828	MDC 17	P	MYELOPROLIFERATIVE DISORDERS OR POORLY DIFFERENTIATED NEOPLASMS WITH MAJOR O.R. PROCEDURE WITHOUT CC/MCC
829	MDC 17	P	MYELOPROLIFERATIVE DISORDERS OR POORLY DIFFERENTIATED NEOPLASMS WITH OTHER O.R. PROCEDURE WITH CC/MCC
830	MDC 17	P	MYELOPROLIFERATIVE DISORDERS OR POORLY DIFFERENTIATED NEOPLASMS WITH OTHER O.R. PROCEDURE WITHOUT CC/MCC
834	MDC 17	M	ACUTE LEUKEMIA WITHOUT MAJOR O.R. PROCEDURE WITH MCC
835	MDC 17	M	ACUTE LEUKEMIA WITHOUT MAJOR O.R. PROCEDURE WITH CC
836	MDC 17	M	ACUTE LEUKEMIA WITHOUT MAJOR O.R. PROCEDURE WITHOUT CC/MCC
837	MDC 17	M	CHEMOTHERAPY WITH ACUTE LEUKEMIA AS SDX OR WITH HIGH DOSE CHEMOTHERAPY AGENT WITH MCC
838	MDC 17	M	CHEMOTHERPY WITH ACUTE LEUKEMIA AS SDX WITH CC OR HIGH DOSE CHEMOTHERAPY AGENT
839	MDC 17	M	CHEMOTHERAPY WITH ACUTE LEUKEMIA AS SDX WITHOUT CC/MCC
840	MDC 17	M	LYMPHOMA AND NON-ACUTE LEUKEMIA WITH MCC
841	MDC 17	M	LYMPHOMA AND NON-ACUTE LEUKEMIA WITH CC
842	MDC 17	M	LYMPHOMA AND NON-ACUTE LEUKEMIA WITHOUT CC/MCC
843	MDC 17	M	OTHER MYELOPROLIFERATIVE DISORDERS OR POORLY DIFFERENTIATED NEOPLASTIC DIAGNOSES WITH MCC
844	MDC 17	M	OTHER MYELOPROLIFERATIVE DISORDERS OR POORLY DIFFERENTIATED NEOPLASTIC DIAGNOSES WITH CC
845	MDC 17	M	OTHER MYELOPROLIFERATIVE DISORDERS OR POORLY DIFFERENTIATED NEOPLASTIC DIAGNOSES WITHOUT CC/MCC
846	MDC 17	M	CHEMOTHERAPY WITHOUT ACUTE LEUKEMIA AS SECONDARY DIAGNOSIS WITH MCC
847	MDC 17	M	CHEMOTHERAPY WITHOUT ACUTE LEUKEMIA AS SECONDARY DIAGNOSIS WITH CC
848	MDC 17	M	CHEMOTHERAPY WITHOUT ACUTE LEUKEMIA AS SECONDARY DIAGNOSIS WITHOUT CC/MCC
849	MDC 17	M	RADIOTHERAPY
853	MDC 18	P	INFECTIOUS AND PARASITIC DISEASES WITH O.R. PROCEDURE WITH MCC
854	MDC 18	P	INFECTIOUS AND PARASITIC DISEASES WITH O.R. PROCEDURE WITH CC
855	MDC 18	P	INFECTIOUS AND PARASITIC DISEASES WITH O.R. PROCEDURE WITHOUT CC/MCC
856	MDC 18	P	POSTOPERATIVE OR POST-TRAUMATIC INFECTIONS WITH O.R. PROCEDURE WITH MCC
857	MDC 18	P	POSTOPERATIVE OR POST-TRAUMATIC INFECTIONS WITH O.R. PROCEDURE WITH CC
858	MDC 18	P	POSTOPERATIVE OR POST-TRAUMATIC INFECTIONS WITH O.R. PROCEDURE WITHOUT CC/MCC
862	MDC 18	M	POSTOPERATIVE AND POST-TRAUMATIC INFECTIONS WITH MCC
863	MDC 18	M	POSTOPERATIVE AND POST-TRAUMATIC INFECTIONS WITHOUT MCC
864	MDC 18	M	FEVER
865	MDC 18	M	VIRAL ILLNESS WITH MCC
866	MDC 18	M	VIRAL ILLNESS WITHOUT MCC
867	MDC 18	M	OTHER INFECTIOUS AND PARASITIC DISEASES DIAGNOSES WITH MCC
868	MDC 18	M	OTHER INFECTIOUS AND PARASITIC DISEASES DIAGNOSES WITH CC
869	MDC 18	M	OTHER INFECTIOUS AND PARASITIC DISEASES DIAGNOSES WITHOUT CC/MCC
870	MDC 18	M	SEPTICEMIA OR SEVERE SEPSIS WITH MV >96 HOURS
871	MDC 18	M	SEPTICEMIA OR SEVERE SEPSIS WITHOUT MV >96 HOURS WITH MCC
872	MDC 18	M	SEPTICEMIA OR SEVERE SEPSIS WITHOUT MV >96 HOURS WITHOUT MCC
876	MDC 19	P	O.R. PROCEDURE WITH PRINCIPAL DIAGNOSES OF MENTAL ILLNESS
880	MDC 19	M	ACUTE ADJUSTMENT REACTION AND PSYCHOSOCIAL DYSFUNCTION
881	MDC 19	M	DEPRESSIVE NEUROSES
882	MDC 19	M	NEUROSES EXCEPT DEPRESSIVE
883	MDC 19	M	DISORDERS OF PERSONALITY AND IMPULSE CONTROL
884	MDC 19	M	ORGANIC DISTURBANCES AND INTELLECTUAL DISABILITY
885	MDC 19	M	PSYCHOSES
886	MDC 19	M	BEHAVIORAL AND DEVELOPMENTAL DISORDERS
887	MDC 19	M	OTHER MENTAL DISORDER DIAGNOSES
894	MDC 20	M	ALCOHOL DRUG ABUSE OR DEPENDENCE LEFT AMA
895	MDC 20	M	ALCOHOL DRUG ABUSE OR DEPENDENCE WITH REHABILITATION THERAPY
896	MDC 20	M	ALCOHOL DRUG ABUSE OR DEPENDENCE WITHOUT REHABILITATION THERAPY WITH MCC
897	MDC 20	M	ALCOHOL DRUG ABUSE OR DEPENDENCE WITHOUT REHABILITATION THERAPY WITHOUT MCC
901	MDC 21	P	WOUND DEBRIDEMENTS FOR INJURIES WITH MCC
902	MDC 21	P	WOUND DEBRIDEMENTS FOR INJURIES WITH CC
903	MDC 21	P	WOUND DEBRIDEMENTS FOR INJURIES WITHOUT CC/MCC
904	MDC 21	P	SKIN GRAFTS FOR INJURIES WITH CC/MCC
905	MDC 21	P	SKIN GRAFTS FOR INJURIES WITHOUT CC/MCC
906	MDC 21	P	HAND PROCEDURES FOR INJURIES
907	MDC 21	P	OTHER O.R. PROCEDURES FOR INJURIES WITH MCC
908	MDC 21	P	OTHER O.R. PROCEDURES FOR INJURIES WITH CC
909	MDC 21	P	OTHER O.R. PROCEDURES FOR INJURIES WITHOUT CC/MCC
913	MDC 21	M	TRAUMATIC INJURY WITH MCC
914	MDC 21	M	TRAUMATIC INJURY WITHOUT MCC
915	MDC 21	M	ALLERGIC REACTIONS WITH MCC
916	MDC 21	M	ALLERGIC REACTIONS WITHOUT MCC
917	MDC 21	M	POISONING AND TOXIC EFFECTS OF DRUGS WITH MCC
918	MDC 21	M	POISONING AND TOXIC EFFECTS OF DRUGS WITHOUT MCC
919	MDC 21	M	COMPLICATIONS OF TREATMENT WITH MCC
920	MDC 21	M	COMPLICATIONS OF TREATMENT WITH CC
921	MDC 21	M	COMPLICATIONS OF TREATMENT WITHOUT CC/MCC
922	MDC 21	M	OTHER INJURY POISONING AND TOXIC EFFECT DIAGNOSES WITH MCC
923	MDC 21	M	OTHER INJURY POISONING AND TOXIC EFFECT DIAGNOSES WITHOUT MCC
927	MDC 22	P	EXTENSIVE BURNS OR FULL THICKNESS BURNS WITH MV >96 HOURS WITH SKIN GRAFT
928	MDC 22	P	FULL THICKNESS BURN WITH SKIN GRAFT OR INHALATION INJURY WITH CC/MCC
929	MDC 22	P	FULL THICKNESS BURN WITH SKIN GRAFT OR INHALATION INJURY WITHOUT CC/MCC
933	MDC 22	M	EXTENSIVE BURNS OR FULL THICKNESS BURNS WITH MV >96 HOURS WITHOUT SKIN GRAFT
934	MDC 22	M	FULL THICKNESS BURN WITHOUT SKIN GRFT OR INHALATION INJURY
935	MDC 22	M	NON-EXTENSIVE BURNS
939	MDC 23	P	O.R. PROCEDURES WITH DIAGNOSES OF OTHER CONTACT WITH HEALTH SERVICES WITH MCC
940	MDC 23	P	O.R. PROCEDURES WITH DIAGNOSES OF OTHER CONTACT WITH HEALTH SERVICES WITH CC
941	MDC 23	P	O.R. PROCEDURES WITH DIAGNOSES OF OTHER CONTACT WITH HEALTH SERVICES WITHOUT CC/MCC
945	MDC 23	M	REHABILITATION WITH CC/MCC
946	MDC 23	M	REHABILITATION WITHOUT CC/MCC
947	MDC 23	M	SIGNS AND SYMPTOMS WITH MCC
948	MDC 23	M	SIGNS AND SYMPTOMS WITHOUT MCC
949	MDC 23	M	AFTERCARE WITH CC/MCC
950	MDC 23	M	AFTERCARE WITHOUT CC/MCC
951	MDC 23	M	OTHER FACTORS INFLUENCING HEALTH STATUS
955	MDC 24	P	CRANIOTOMY FOR MULTIPLE SIGNIFICANT TRAUMA
956	MDC 24	P	LIMB REATTACHMENT HIP AND FEMUR PROC FOR MULTIPLE SIGNIFICANT TRAUMA
957	MDC 24	P	OTHER O.R. PROCEDURES FOR MULTIPLE SIGNIFICANT TRAUMA WITH MCC
958	MDC 24	P	OTHER O.R. PROCEDURES FOR MULTIPLE SIGNIFICANT TRAUMA WITH CC
959	MDC 24	P	OTHER O.R. PROCEDURES FOR MULTIPLE SIGNIFICANT TRAUMA WITHOUT CC/MCC
963	MDC 24	M	OTHER MULTIPLE SIGNIFICANT TRAUMA WITH MCC
964	MDC 24	M	OTHER MULTIPLE SIGNIFICANT TRAUMA WITH CC
965	MDC 24	M	OTHER MULTIPLE SIGNIFICANT TRAUMA WITHOUT CC/MCC
969	MDC 25	P	HIV WITH EXTENSIVE O.R. PROCEDURE WITH MCC
970	MDC 25	P	HIV WITH EXTENSIVE O.R. PROCEDURE WITHOUT MCC
974	MDC 25	M	HIV WITH MAJOR RELATED CONDITION WITH MCC
975	MDC 25	M	HIV WITH MAJOR RELATED CONDITION WITH CC
976	MDC 25	M	HIV WITH MAJOR RELATED CONDITION WITHOUT CC/MCC
977	MDC 25	M	HIV WITH OR WITHOUT OTHER RELATED CONDITION
981	 	P	EXTENSIVE O.R. PROCEDURE UNRELATED TO PRINCIPAL DIAGNOSIS WITH MCC
982	 	P	EXTENSIVE O.R. PROCEDURE UNRELATED TO PRINCIPAL DIAGNOSIS WITH CC
983	 	P	EXTENSIVE O.R. PROCEDURE UNRELATED TO PRINCIPAL DIAGNOSIS WITHOUT CC/MCC
984	 	P	PROSTATIC O.R. PROCEDURE UNRELATED TO PRINCIPAL DIAGNOSIS WITH MCC
985	 	P	PROSTATIC O.R. PROCEDURE UNRELATED TO PRINCIPAL DIAGNOSIS WITH CC
986	 	P	PROSTATIC O.R. PROCEDURE UNRELATED TO PRINCIPAL DIAGNOSIS WITHOUT CC/MCC
987	 	P	NON-EXTENSIVE O.R. PROC UNRELATED TO PRINCIPAL DIAGNOSIS WITH MCC
988	 	P	NON-EXTENSIVE O.R. PROC UNRELATED TO PRINCIPAL DIAGNOSIS WITH CC
989	 	P	NON-EXTENSIVE O.R. PROCEDURE UNRELATED TO PRINCIPAL DIAGNOSIS WITHOUT CC/MCC
998	 	 	PRINCIPAL DIAGNOSIS INVALID AS DISCHARGE DIAGNOSIS
999	No MDC	 	UNGROUPABLE